School_ID,District,Location_Type,Infrastructure_Score,Electricity_Access,Internet_Access,Library_Status
SCH0001,Rasuwa,Rural,3.0,N,Y,Y
SCH0002,Kathmandu,Rural,2.4,N,Y,N
SCH0003,Kathmandu,Rural,3.1,Y,N,N
SCH0004,Rasuwa,Rural,4.0,Y,Y,N
SCH0005,Sindhupalchok,Urban,3.8,Y,Y,Y
SCH0006,Bhaktapur,Rural,2.3,N,N,Y
SCH0007,Kathmandu,Rural,4.1,Y,Y,Y
SCH0008,Dhading,Rural,3.3,N,N,N
SCH0009,Sindhupalchok,Rural,2.0,N,N,Y
SCH0010,Kathmandu,Rural,3.0,Y,Y,Y
SCH0011,Lalitpur,Urban,3.5,Y,Y,N
SCH0012,Lalitpur,Rural,2.0,Y,Y,N
SCH0013,Rasuwa,Rural,2.7,N,N,Y
SCH0014,Dhading,Rural,1.0,N,N,N
SCH0015,Rasuwa,Rural,1.0,N,Y,N
SCH0016,Sindhupalchok,Rural,1.9,Y,Y,N
SCH0017,Rasuwa,Rural,1.5,N,N,N
SCH0018,Dhading,Rural,2.8,Y,N,N
SCH0019,Rasuwa,Rural,1.6,N,N,Y
SCH0020,Lalitpur,Rural,1.1,Y,Y,Y
SCH0021,Rasuwa,Rural,4.0,N,N,Y
SCH0022,Nuwakot,Urban,3.8,Y,N,N
SCH0023,Kathmandu,Rural,2.6,Y,N,N
SCH0024,Sindhupalchok,Rural,1.1,Y,N,N
SCH0025,Rasuwa,Urban,3.5,Y,Y,Y
SCH0026,Kathmandu,Urban,4.1,Y,Y,Y
SCH0027,Lalitpur,Rural,1.3,Y,N,N
SCH0028,Kathmandu,Rural,2.9,Y,Y,Y
SCH0029,Sindhupalchok,Urban,3.4,Y,Y,Y
SCH0030,Kathmandu,Rural,2.2,Y,Y,N
SCH0031,Sindhupalchok,Rural,1.9,N,N,Y
SCH0032,Nuwakot,Urban,5.0,Y,Y,Y
SCH0033,Rasuwa,Rural,2.5,N,N,N
SCH0034,Bhaktapur,Rural,1.4,Y,Y,Y
SCH0035,Bhaktapur,Rural,3.3,Y,N,Y
SCH0036,Rasuwa,Rural,1.3,Y,N,N
SCH0037,Kathmandu,Rural,2.7,Y,N,N
SCH0038,Rasuwa,Urban,2.0,Y,Y,N
SCH0039,Sindhupalchok,Rural,1.2,Y,N,Y
SCH0040,Dhading,Rural,2.7,N,N,N
SCH0041,Kathmandu,Rural,3.2,N,N,
SCH0042,Lalitpur,Rural,2.7,Y,N,Y
SCH0043,Lalitpur,Urban,3.9,Y,N,N
SCH0044,Kathmandu,Rural,2.2,N,N,N
SCH0045,Sindhupalchok,Urban,2.5,Y,Y,Y
SCH0046,Dhading,Urban,3.3,Y,Y,Y
SCH0047,Sindhupalchok,Urban,3.5,Y,Y,N
SCH0048,Sindhupalchok,Rural,3.6,N,Y,Y
SCH0049,Kathmandu,Rural,2.8,Y,N,Y
SCH0050,Nuwakot,Rural,1.0,N,N,Y
SCH0051,Nuwakot,Rural,2.8,Y,N,N
SCH0052,Lalitpur,Rural,2.1,N,N,N
SCH0053,Kathmandu,Rural,1.8,Y,N,N
SCH0054,Bhaktapur,Rural,3.1,N,Y,Y
SCH0055,Rasuwa,Rural,3.5,Y,N,N
SCH0056,Kathmandu,Rural,3.4,N,N,Y
SCH0057,Lalitpur,Rural,1.7,Y,N,Y
SCH0058,Lalitpur,Rural,2.2,Y,N,N
SCH0059,Nuwakot,Urban,4.3,Y,Y,Y
SCH0060,Nuwakot,Rural,3.5,N,N,Y
SCH0061,Kathmandu,Urban,3.5,Y,Y,Y
SCH0062,Lalitpur,Urban,3.8,Y,Y,Y
SCH0063,Dhading,Rural,1.4,N,Y,N
SCH0064,Sindhupalchok,Rural,1.3,Y,N,N
SCH0065,Bhaktapur,Rural,3.3,Y,N,N
SCH0066,Kathmandu,Rural,3.9,N,N,N
SCH0067,Sindhupalchok,Rural,2.4,Y,N,Y
SCH0068,Bhaktapur,Urban,5.0,Y,N,N
SCH0069,Lalitpur,Rural,2.9,N,N,N
SCH0070,Sindhupalchok,Rural,1.9,N,Y,N
SCH0071,Sindhupalchok,Rural,2.9,N,Y,N
SCH0072,Lalitpur,Urban,5.0,Y,N,N
SCH0073,Sindhupalchok,Urban,4.0,Y,Y,N
SCH0074,Dhading,Urban,5.0,Y,Y,N
SCH0075,Dhading,Rural,1.0,N,N,Y
SCH0076,Rasuwa,Rural,3.3,Y,N,N
SCH0077,Bhaktapur,Rural,2.6,Y,N,N
SCH0078,Bhaktapur,Urban,3.7,Y,N,Y
SCH0079,Bhaktapur,Rural,2.6,Y,N,N
SCH0080,Dhading,Rural,1.0,Y,N,N
SCH0081,Bhaktapur,Rural,2.3,Y,N,
SCH0082,Rasuwa,Urban,4.4,Y,Y,Y
SCH0083,Kathmandu,Urban,5.0,N,Y,Y
SCH0084,Kathmandu,Urban,3.5,Y,Y,Y
SCH0085,Dhading,Rural,1.7,Y,Y,N
SCH0086,Dhading,Rural,2.0,N,N,Y
SCH0087,Nuwakot,Urban,4.9,Y,Y,N
SCH0088,Nuwakot,Rural,2.8,Y,N,Y
SCH0089,Dhading,Urban,3.5,N,Y,Y
SCH0090,Bhaktapur,Rural,3.0,N,N,N
SCH0091,Sindhupalchok,Rural,2.6,Y,N,
SCH0092,Kathmandu,Rural,3.5,Y,N,Y
SCH0093,Dhading,Urban,3.3,Y,Y,Y
SCH0094,Dhading,Rural,2.2,N,Y,N
SCH0095,Sindhupalchok,Urban,3.6,Y,Y,N
SCH0096,Rasuwa,Rural,1.0,Y,Y,N
SCH0097,Dhading,Rural,2.8,Y,N,N
SCH0098,Bhaktapur,Urban,4.3,Y,Y,N
SCH0099,Nuwakot,Rural,2.5,N,N,Y
SCH0100,Sindhupalchok,Rural,2.3,Y,Y,N
SCH0101,Sindhupalchok,Urban,2.6,Y,Y,Y
SCH0102,Rasuwa,Rural,2.1,Y,N,N
SCH0103,Lalitpur,Rural,2.2,Y,Y,Y
SCH0104,Dhading,Rural,1.7,Y,N,Y
SCH0105,Dhading,Rural,2.3,N,N,Y
SCH0106,Sindhupalchok,Rural,2.9,Y,N,Y
SCH0107,Dhading,Urban,5.0,N,Y,N
SCH0108,Nuwakot,Urban,4.2,Y,Y,Y
SCH0109,Dhading,Rural,2.8,Y,N,N
SCH0110,Lalitpur,Urban,3.9,N,N,Y
SCH0111,Dhading,Rural,1.0,N,Y,N
SCH0112,Sindhupalchok,Rural,2.5,Y,N,Y
SCH0113,Bhaktapur,Rural,2.6,N,Y,N
SCH0114,Dhading,Rural,5.0,Y,Y,N
SCH0115,Bhaktapur,Rural,2.3,Y,N,Y
SCH0116,Kathmandu,Urban,4.3,Y,Y,Y
SCH0117,Lalitpur,Rural,2.5,Y,N,N
SCH0118,Bhaktapur,Urban,2.8,Y,Y,N
SCH0119,Kathmandu,Urban,5.0,Y,Y,Y
SCH0120,Bhaktapur,Rural,3.3,N,N,N
SCH0121,Lalitpur,Rural,3.3,N,N,Y
SCH0122,Sindhupalchok,Rural,1.6,N,N,N
SCH0123,Nuwakot,Urban,5.0,Y,Y,Y
SCH0124,Nuwakot,Rural,1.1,Y,N,N
SCH0125,Dhading,Urban,4.6,Y,N,N
SCH0126,Dhading,Rural,4.7,Y,N,N
SCH0127,Nuwakot,Urban,3.0,Y,N,Y
SCH0128,Bhaktapur,Urban,3.4,Y,Y,N
SCH0129,Lalitpur,Urban,4.1,Y,Y,Y
SCH0130,Dhading,Urban,3.5,Y,Y,N
SCH0131,Bhaktapur,Rural,1.0,Y,N,N
SCH0132,Nuwakot,Urban,4.1,Y,Y,Y
SCH0133,Sindhupalchok,Rural,1.4,Y,N,N
SCH0134,Kathmandu,Rural,3.0,Y,N,Y
SCH0135,Nuwakot,Rural,1.6,Y,N,N
SCH0136,Nuwakot,Rural,4.0,N,Y,Y
SCH0137,Kathmandu,Urban,3.2,Y,Y,N
SCH0138,Rasuwa,Rural,2.2,Y,N,N
SCH0139,Sindhupalchok,Rural,3.3,Y,Y,Y
SCH0140,Lalitpur,Rural,1.3,Y,N,Y
SCH0141,Kathmandu,Urban,4.2,Y,Y,Y
SCH0142,Sindhupalchok,Urban,5.0,Y,Y,Y
SCH0143,Dhading,Rural,1.0,Y,Y,N
SCH0144,Dhading,Rural,2.7,Y,N,N
SCH0145,Rasuwa,Rural,2.8,Y,N,Y
SCH0146,Lalitpur,Rural,3.3,N,N,N
SCH0147,Lalitpur,Urban,2.8,Y,N,Y
SCH0148,Nuwakot,Urban,2.7,Y,Y,Y
SCH0149,Rasuwa,Rural,3.0,N,N,Y
SCH0150,Kathmandu,Rural,2.8,Y,Y,Y
SCH0151,Dhading,Rural,2.8,Y,Y,Y
SCH0152,Bhaktapur,Urban,4.3,Y,Y,N
SCH0153,Sindhupalchok,Urban,3.3,Y,N,Y
SCH0154,Kathmandu,Rural,2.7,N,N,N
SCH0155,Kathmandu,Rural,2.8,N,N,N
SCH0156,Bhaktapur,Rural,1.8,Y,N,N
SCH0157,Bhaktapur,Rural,4.4,Y,Y,Y
SCH0158,Dhading,Urban,4.5,Y,Y,Y
SCH0159,Rasuwa,Urban,2.8,Y,N,N
SCH0160,Rasuwa,Urban,4.7,Y,Y,Y
SCH0161,Nuwakot,Rural,1.5,N,Y,N
SCH0162,Rasuwa,Urban,4.8,N,Y,
SCH0163,Bhaktapur,Rural,3.7,N,N,N
SCH0164,Bhaktapur,Rural,1.7,Y,N,Y
SCH0165,Kathmandu,Rural,3.5,Y,N,N
SCH0166,Nuwakot,Urban,4.4,Y,N,Y
SCH0167,Kathmandu,Rural,3.3,Y,N,N
SCH0168,Sindhupalchok,Rural,4.4,Y,Y,Y
SCH0169,Rasuwa,Rural,2.3,Y,N,N
SCH0170,Rasuwa,Rural,1.7,Y,N,
SCH0171,Sindhupalchok,Urban,3.1,Y,Y,N
SCH0172,Dhading,Urban,3.2,Y,Y,Y
SCH0173,Dhading,Urban,3.9,Y,Y,Y
SCH0174,Nuwakot,Rural,2.8,N,N,Y
SCH0175,Sindhupalchok,Urban,4.3,Y,Y,Y
SCH0176,Kathmandu,Rural,3.3,Y,N,
SCH0177,Dhading,Urban,4.0,Y,Y,Y
SCH0178,Sindhupalchok,Rural,4.0,Y,N,Y
SCH0179,Rasuwa,Rural,2.2,Y,N,N
SCH0180,Bhaktapur,Urban,5.0,Y,N,Y
SCH0181,Rasuwa,Urban,4.6,Y,Y,N
SCH0182,Lalitpur,Rural,1.6,Y,N,
SCH0183,Dhading,Rural,1.4,N,Y,Y
SCH0184,Sindhupalchok,Rural,3.0,Y,N,N
SCH0185,Bhaktapur,Rural,2.3,Y,Y,Y
SCH0186,Rasuwa,Urban,4.7,Y,Y,N
SCH0187,Sindhupalchok,Rural,3.0,Y,N,
SCH0188,Rasuwa,Urban,3.9,N,Y,Y
SCH0189,Kathmandu,Urban,3.2,Y,Y,Y
SCH0190,Bhaktapur,Urban,2.5,Y,Y,Y
SCH0191,Bhaktapur,Rural,2.1,Y,N,N
SCH0192,Lalitpur,Rural,3.4,Y,N,N
SCH0193,Lalitpur,Rural,2.7,Y,Y,N
SCH0194,Dhading,Rural,1.3,Y,N,
SCH0195,Rasuwa,Rural,2.7,Y,N,N
SCH0196,Bhaktapur,Rural,2.9,Y,Y,N
SCH0197,Lalitpur,Urban,3.1,Y,Y,Y
SCH0198,Bhaktapur,Rural,2.7,N,Y,N
SCH0199,Rasuwa,Rural,2.6,Y,N,
SCH0200,Kathmandu,Urban,2.9,Y,N,N
SCH0201,Sindhupalchok,Urban,4.4,Y,Y,Y
SCH0202,Nuwakot,Rural,3.1,N,N,N
SCH0203,Lalitpur,Rural,3.6,N,N,Y
SCH0204,Dhading,Rural,3.6,Y,Y,N
SCH0205,Bhaktapur,Urban,2.6,Y,Y,Y
SCH0206,Bhaktapur,Rural,1.6,N,N,Y
SCH0207,Sindhupalchok,Urban,4.5,N,Y,N
SCH0208,Sindhupalchok,Rural,3.0,N,Y,N
SCH0209,Sindhupalchok,Rural,3.0,N,N,N
SCH0210,Nuwakot,Rural,5.0,N,Y,N
SCH0211,Dhading,Rural,3.1,N,Y,Y
SCH0212,Rasuwa,Urban,5.0,Y,Y,Y
SCH0213,Nuwakot,Rural,3.5,N,N,N
SCH0214,Dhading,Urban,4.7,Y,Y,Y
SCH0215,Kathmandu,Rural,2.2,Y,Y,N
SCH0216,Lalitpur,Rural,3.3,Y,N,N
SCH0217,Nuwakot,Rural,1.7,N,Y,N
SCH0218,Kathmandu,Urban,3.8,Y,N,Y
SCH0219,Rasuwa,Rural,2.0,Y,N,N
SCH0220,Kathmandu,Urban,4.1,Y,N,Y
SCH0221,Kathmandu,Rural,4.8,Y,Y,N
SCH0222,Dhading,Rural,1.0,Y,N,
SCH0223,Kathmandu,Urban,4.7,Y,Y,Y
SCH0224,Kathmandu,Urban,2.4,Y,Y,N
SCH0225,Lalitpur,Rural,2.0,Y,N,
SCH0226,Sindhupalchok,Urban,5.0,N,Y,N
SCH0227,Kathmandu,Rural,2.6,Y,Y,N
SCH0228,Lalitpur,Rural,1.4,Y,Y,Y
SCH0229,Dhading,Rural,1.8,N,N,N
SCH0230,Nuwakot,Rural,3.2,Y,Y,N
SCH0231,Rasuwa,Urban,3.3,Y,Y,Y
SCH0232,Kathmandu,Rural,2.7,Y,N,N
SCH0233,Dhading,Urban,4.0,Y,N,Y
SCH0234,Lalitpur,Rural,1.8,Y,N,N
SCH0235,Bhaktapur,Rural,4.6,Y,Y,N
SCH0236,Dhading,Rural,3.1,N,N,N
SCH0237,Sindhupalchok,Rural,1.0,N,N,N
SCH0238,Dhading,Rural,2.7,Y,N,Y
SCH0239,Dhading,Rural,1.8,Y,N,N
SCH0240,Dhading,Rural,3.4,N,Y,Y
SCH0241,Rasuwa,Rural,1.7,Y,Y,N
SCH0242,Nuwakot,Rural,2.4,Y,N,N
SCH0243,Sindhupalchok,Rural,3.0,N,Y,Y
SCH0244,Bhaktapur,Rural,3.4,Y,Y,N
SCH0245,Lalitpur,Urban,2.8,Y,Y,
SCH0246,Bhaktapur,Rural,2.2,N,N,N
SCH0247,Sindhupalchok,Rural,2.0,N,N,N
SCH0248,Rasuwa,Urban,3.3,Y,Y,N
SCH0249,Bhaktapur,Urban,5.0,Y,Y,Y
SCH0250,Rasuwa,Rural,2.9,Y,N,Y
SCH0251,Rasuwa,Rural,1.2,Y,N,Y
SCH0252,Bhaktapur,Urban,4.9,Y,Y,Y
SCH0253,Kathmandu,Rural,4.6,N,Y,Y
SCH0254,Dhading,Rural,3.5,Y,N,Y
SCH0255,Sindhupalchok,Rural,1.0,Y,Y,N
SCH0256,Nuwakot,Rural,2.0,N,Y,Y
SCH0257,Nuwakot,Rural,3.8,Y,N,N
SCH0258,Sindhupalchok,Rural,1.8,Y,Y,N
SCH0259,Lalitpur,Rural,2.9,Y,Y,N
SCH0260,Rasuwa,Urban,4.8,Y,N,Y
SCH0261,Kathmandu,Rural,1.6,Y,N,N
SCH0262,Dhading,Urban,3.9,Y,Y,Y
SCH0263,Bhaktapur,Rural,1.0,N,N,N
SCH0264,Bhaktapur,Rural,1.5,N,Y,N
SCH0265,Nuwakot,Rural,2.2,N,N,Y
SCH0266,Sindhupalchok,Rural,1.3,Y,Y,N
SCH0267,Sindhupalchok,Rural,4.1,N,N,N
SCH0268,Lalitpur,Rural,1.1,Y,Y,Y
SCH0269,Sindhupalchok,Rural,2.1,Y,N,N
SCH0270,Sindhupalchok,Rural,2.6,Y,N,N
SCH0271,Rasuwa,Rural,3.9,N,N,N
SCH0272,Lalitpur,Rural,1.1,Y,N,N
SCH0273,Nuwakot,Rural,3.7,Y,N,N
SCH0274,Kathmandu,Rural,2.5,Y,N,N
SCH0275,Kathmandu,Rural,1.5,Y,N,N
SCH0276,Sindhupalchok,Urban,4.5,Y,N,Y
SCH0277,Lalitpur,Rural,2.7,Y,Y,Y
SCH0278,Kathmandu,Urban,3.4,Y,N,Y
SCH0279,Rasuwa,Rural,2.6,Y,N,N
SCH0280,Nuwakot,Rural,2.1,Y,N,Y
SCH0281,Sindhupalchok,Rural,2.6,Y,N,N
SCH0282,Kathmandu,Rural,3.2,Y,N,Y
SCH0283,Sindhupalchok,Rural,4.1,N,N,Y
SCH0284,Nuwakot,Rural,1.3,N,N,N
SCH0285,Rasuwa,Rural,4.6,Y,N,Y
SCH0286,Dhading,Rural,1.0,Y,Y,N
SCH0287,Rasuwa,Urban,3.8,N,Y,Y
SCH0288,Nuwakot,Rural,3.1,Y,Y,Y
SCH0289,Sindhupalchok,Rural,2.8,Y,Y,Y
SCH0290,Sindhupalchok,Urban,3.4,Y,Y,N
SCH0291,Nuwakot,Rural,2.3,Y,N,Y
SCH0292,Dhading,Rural,2.0,Y,N,N
SCH0293,Lalitpur,Urban,3.4,Y,Y,N
SCH0294,Dhading,Rural,3.3,N,N,Y
SCH0295,Lalitpur,Rural,2.9,N,N,N
SCH0296,Bhaktapur,Rural,1.8,Y,N,N
SCH0297,Sindhupalchok,Rural,3.4,Y,N,N
SCH0298,Sindhupalchok,Rural,2.8,N,Y,N
SCH0299,Bhaktapur,Rural,3.3,Y,N,N
SCH0300,Bhaktapur,Rural,3.1,Y,N,N
SCH0301,Sindhupalchok,Rural,1.7,N,Y,N
SCH0302,Bhaktapur,Urban,3.4,Y,Y,Y
SCH0303,Dhading,Urban,4.7,Y,Y,N
SCH0304,Sindhupalchok,Urban,4.6,Y,Y,Y
SCH0305,Sindhupalchok,Rural,2.5,N,N,N
SCH0306,Nuwakot,Rural,2.6,Y,Y,N
SCH0307,Nuwakot,Urban,5.0,Y,Y,N
SCH0308,Lalitpur,Rural,1.9,Y,N,N
SCH0309,Dhading,Rural,3.0,N,N,N
SCH0310,Rasuwa,Rural,2.3,Y,Y,N
SCH0311,Nuwakot,Rural,2.3,Y,Y,N
SCH0312,Nuwakot,Urban,5.0,Y,Y,Y
SCH0313,Nuwakot,Rural,3.3,Y,N,N
SCH0314,Bhaktapur,Rural,3.3,Y,N,Y
SCH0315,Rasuwa,Rural,3.8,Y,N,N
SCH0316,Lalitpur,Rural,2.5,Y,N,Y
SCH0317,Sindhupalchok,Rural,3.2,N,N,Y
SCH0318,Lalitpur,Rural,2.2,N,N,Y
SCH0319,Kathmandu,Urban,4.3,Y,Y,Y
SCH0320,Dhading,Urban,3.9,Y,Y,N
SCH0321,Lalitpur,Rural,2.6,N,Y,N
SCH0322,Bhaktapur,Rural,3.1,Y,N,N
SCH0323,Dhading,Rural,1.7,Y,N,Y
SCH0324,Sindhupalchok,Rural,4.6,N,N,Y
SCH0325,Nuwakot,Urban,3.0,Y,Y,Y
SCH0326,Bhaktapur,Rural,1.3,Y,N,N
SCH0327,Rasuwa,Rural,3.7,Y,N,
SCH0328,Nuwakot,Urban,4.8,Y,N,N
SCH0329,Kathmandu,Rural,3.1,Y,N,N
SCH0330,Lalitpur,Urban,4.6,Y,Y,N
SCH0331,Kathmandu,Rural,2.5,Y,N,Y
SCH0332,Nuwakot,Rural,1.6,Y,N,Y
SCH0333,Dhading,Urban,4.1,Y,Y,
SCH0334,Rasuwa,Rural,1.8,N,Y,Y
SCH0335,Nuwakot,Rural,3.5,Y,Y,Y
SCH0336,Dhading,Rural,2.4,N,N,N
SCH0337,Lalitpur,Rural,1.7,N,N,
SCH0338,Dhading,Urban,3.7,Y,N,N
SCH0339,Rasuwa,Rural,2.9,Y,N,N
SCH0340,Sindhupalchok,Rural,1.9,N,N,Y
SCH0341,Bhaktapur,Rural,1.7,Y,Y,Y
SCH0342,Sindhupalchok,Rural,2.7,Y,N,N
SCH0343,Nuwakot,Rural,2.7,N,Y,Y
SCH0344,Rasuwa,Urban,3.5,Y,Y,N
SCH0345,Kathmandu,Rural,2.0,Y,Y,N
SCH0346,Nuwakot,Rural,2.7,N,N,N
SCH0347,Lalitpur,Urban,2.6,Y,Y,N
SCH0348,Sindhupalchok,Rural,1.1,Y,Y,Y
SCH0349,Rasuwa,Rural,1.8,N,N,Y
SCH0350,Kathmandu,Rural,2.3,N,N,Y
SCH0351,Bhaktapur,Rural,2.8,Y,N,N
SCH0352,Nuwakot,Rural,4.0,N,N,N
SCH0353,Sindhupalchok,Urban,4.9,Y,N,Y
SCH0354,Rasuwa,Urban,3.8,Y,Y,Y
SCH0355,Nuwakot,Rural,2.5,Y,N,Y
SCH0356,Bhaktapur,Rural,1.5,N,N,Y
SCH0357,Kathmandu,Rural,2.5,Y,N,N
SCH0358,Bhaktapur,Rural,2.2,Y,N,N
SCH0359,Sindhupalchok,Rural,2.8,Y,N,N
SCH0360,Kathmandu,Rural,1.7,Y,Y,
SCH0361,Kathmandu,Rural,3.0,N,N,N
SCH0362,Sindhupalchok,Urban,5.0,Y,N,N
SCH0363,Lalitpur,Urban,3.9,Y,Y,Y
SCH0364,Bhaktapur,Rural,2.9,Y,N,N
SCH0365,Lalitpur,Rural,3.2,Y,Y,N
SCH0366,Sindhupalchok,Rural,2.1,Y,N,N
SCH0367,Dhading,Rural,2.7,Y,N,N
SCH0368,Kathmandu,Rural,2.5,Y,Y,
SCH0369,Kathmandu,Rural,2.6,Y,N,N
SCH0370,Nuwakot,Rural,1.7,Y,N,Y
SCH0371,Sindhupalchok,Urban,4.0,Y,Y,Y
SCH0372,Nuwakot,Rural,3.0,Y,Y,Y
SCH0373,Bhaktapur,Urban,5.0,Y,Y,N
SCH0374,Lalitpur,Rural,3.5,N,Y,N
SCH0375,Rasuwa,Urban,5.0,Y,Y,Y
SCH0376,Dhading,Urban,3.2,Y,N,Y
SCH0377,Rasuwa,Rural,3.4,Y,N,N
SCH0378,Sindhupalchok,Rural,2.7,Y,N,N
SCH0379,Sindhupalchok,Urban,5.0,Y,Y,Y
SCH0380,Dhading,Rural,1.7,N,N,N
SCH0381,Lalitpur,Urban,3.2,Y,Y,N
SCH0382,Lalitpur,Rural,1.9,Y,Y,N
SCH0383,Dhading,Rural,1.0,N,N,N
SCH0384,Rasuwa,Rural,2.0,Y,Y,Y
SCH0385,Rasuwa,Rural,1.7,Y,N,N
SCH0386,Nuwakot,Rural,2.7,Y,N,N
SCH0387,Rasuwa,Urban,4.3,Y,Y,N
SCH0388,Bhaktapur,Rural,4.4,Y,N,Y
SCH0389,Bhaktapur,Urban,5.0,Y,Y,Y
SCH0390,Nuwakot,Urban,3.4,Y,Y,Y
SCH0391,Rasuwa,Rural,1.6,N,N,Y
SCH0392,Sindhupalchok,Urban,4.5,Y,Y,N
SCH0393,Bhaktapur,Urban,2.7,Y,Y,Y
SCH0394,Sindhupalchok,Rural,4.3,N,N,Y
SCH0395,Nuwakot,Urban,5.0,Y,Y,N
SCH0396,Lalitpur,Rural,2.0,Y,N,N
SCH0397,Kathmandu,Rural,1.0,Y,N,N
SCH0398,Lalitpur,Rural,3.9,N,N,N
SCH0399,Lalitpur,Urban,3.9,Y,Y,Y
SCH0400,Sindhupalchok,Rural,3.7,Y,N,N
SCH0401,Kathmandu,Urban,2.4,Y,N,Y
SCH0402,Kathmandu,Urban,3.4,Y,Y,N
SCH0403,Sindhupalchok,Urban,4.0,Y,Y,Y
SCH0404,Kathmandu,Urban,4.0,Y,Y,Y
SCH0405,Nuwakot,Rural,2.0,N,N,N
SCH0406,Lalitpur,Urban,4.6,Y,Y,Y
SCH0407,Rasuwa,Rural,1.4,N,N,N
SCH0408,Sindhupalchok,Rural,2.4,N,N,N
SCH0409,Dhading,Rural,2.6,Y,N,Y
SCH0410,Lalitpur,Rural,3.0,N,Y,Y
SCH0411,Dhading,Urban,4.7,N,Y,N
SCH0412,Kathmandu,Rural,1.4,Y,Y,N
SCH0413,Dhading,Rural,1.0,Y,N,N
SCH0414,Rasuwa,Urban,5.0,Y,Y,N
SCH0415,Bhaktapur,Rural,2.8,Y,Y,Y
SCH0416,Rasuwa,Urban,3.3,Y,Y,N
SCH0417,Sindhupalchok,Rural,4.1,N,Y,Y
SCH0418,Sindhupalchok,Rural,2.6,N,N,N
SCH0419,Bhaktapur,Rural,3.7,Y,Y,N
SCH0420,Nuwakot,Rural,2.6,Y,Y,N
SCH0421,Dhading,Rural,4.6,Y,N,Y
SCH0422,Nuwakot,Rural,4.3,Y,Y,N
SCH0423,Nuwakot,Rural,2.3,Y,N,N
SCH0424,Dhading,Rural,3.5,Y,Y,Y
SCH0425,Dhading,Rural,3.1,Y,N,N
SCH0426,Kathmandu,Urban,5.0,Y,Y,Y
SCH0427,Lalitpur,Urban,3.0,N,Y,Y
SCH0428,Dhading,Rural,3.2,N,N,Y
SCH0429,Rasuwa,Urban,5.0,Y,N,Y
SCH0430,Nuwakot,Rural,1.0,Y,N,N
SCH0431,Sindhupalchok,Rural,1.3,Y,N,N
SCH0432,Nuwakot,Rural,1.0,Y,N,Y
SCH0433,Lalitpur,Urban,3.7,Y,Y,N
SCH0434,Dhading,Rural,3.2,N,N,Y
SCH0435,Kathmandu,Rural,4.0,Y,N,N
SCH0436,Kathmandu,Rural,2.6,Y,N,N
SCH0437,Sindhupalchok,Urban,5.0,Y,Y,Y
SCH0438,Sindhupalchok,Urban,2.6,Y,Y,N
SCH0439,Sindhupalchok,Rural,1.0,Y,Y,N
SCH0440,Lalitpur,Rural,2.4,Y,N,N
SCH0441,Rasuwa,Urban,4.4,Y,Y,Y
SCH0442,Bhaktapur,Urban,4.0,Y,Y,Y
SCH0443,Dhading,Rural,1.0,Y,Y,N
SCH0444,Lalitpur,Urban,3.9,Y,Y,N
SCH0445,Kathmandu,Rural,1.2,N,N,Y
SCH0446,Lalitpur,Rural,3.2,Y,Y,N
SCH0447,Bhaktapur,Rural,2.9,N,Y,Y
SCH0448,Rasuwa,Rural,1.6,Y,Y,N
SCH0449,Nuwakot,Urban,3.5,Y,Y,N
SCH0450,Bhaktapur,Rural,1.4,N,Y,Y
SCH0451,Rasuwa,Rural,2.4,N,N,Y
SCH0452,Nuwakot,Urban,5.0,Y,Y,Y
SCH0453,Bhaktapur,Rural,1.5,Y,N,Y
SCH0454,Nuwakot,Urban,4.5,Y,N,N
SCH0455,Sindhupalchok,Urban,3.5,N,Y,Y
SCH0456,Nuwakot,Urban,3.2,Y,Y,Y
SCH0457,Nuwakot,Rural,2.4,Y,Y,Y
SCH0458,Dhading,Rural,1.5,Y,N,N
SCH0459,Bhaktapur,Rural,1.9,N,N,N
SCH0460,Dhading,Rural,1.3,N,N,Y
SCH0461,Nuwakot,Rural,4.5,N,N,N
SCH0462,Kathmandu,Rural,2.5,N,Y,N
SCH0463,Kathmandu,Urban,3.3,Y,N,Y
SCH0464,Rasuwa,Rural,2.7,Y,N,Y
SCH0465,Rasuwa,Rural,2.4,N,N,N
SCH0466,Kathmandu,Rural,2.3,Y,Y,N
SCH0467,Nuwakot,Urban,4.6,Y,N,
SCH0468,Sindhupalchok,Urban,4.8,Y,N,Y
SCH0469,Lalitpur,Rural,2.0,Y,N,Y
SCH0470,Dhading,Rural,1.9,N,N,Y
SCH0471,Rasuwa,Rural,2.2,N,N,N
SCH0472,Sindhupalchok,Rural,1.0,Y,N,
SCH0473,Dhading,Rural,1.0,Y,Y,N
SCH0474,Dhading,Rural,3.9,Y,N,N
SCH0475,Nuwakot,Urban,5.0,Y,N,Y
SCH0476,Nuwakot,Rural,2.3,Y,Y,N
SCH0477,Nuwakot,Rural,3.1,Y,N,Y
SCH0478,Lalitpur,Rural,2.8,N,N,Y
SCH0479,Kathmandu,Rural,5.0,Y,N,
SCH0480,Rasuwa,Urban,5.0,Y,Y,Y
SCH0481,Rasuwa,Urban,3.9,Y,N,Y
SCH0482,Dhading,Rural,1.5,Y,N,N
SCH0483,Nuwakot,Rural,1.0,N,Y,Y
SCH0484,Dhading,Rural,2.7,Y,N,N
SCH0485,Rasuwa,Rural,1.7,Y,N,Y
SCH0486,Lalitpur,Urban,2.6,Y,Y,N
SCH0487,Rasuwa,Rural,1.9,Y,N,Y
SCH0488,Bhaktapur,Rural,1.4,N,Y,Y
SCH0489,Dhading,Rural,4.2,Y,N,Y
SCH0490,Bhaktapur,Rural,3.4,Y,N,N
SCH0491,Kathmandu,Rural,2.5,Y,Y,N
SCH0492,Lalitpur,Rural,4.0,Y,N,
SCH0493,Bhaktapur,Rural,2.6,Y,Y,Y
SCH0494,Bhaktapur,Rural,1.6,Y,Y,Y
SCH0495,Rasuwa,Rural,4.0,N,N,Y
SCH0496,Kathmandu,Urban,4.5,Y,Y,N
SCH0497,Bhaktapur,Rural,1.5,Y,N,N
SCH0498,Nuwakot,Rural,2.3,Y,N,Y
SCH0499,Bhaktapur,Rural,1.6,Y,N,N
SCH0500,Rasuwa,Rural,1.1,Y,Y,Y
SCH0501,Sindhupalchok,Urban,4.9,Y,N,Y
SCH0502,Nuwakot,Rural,4.4,N,Y,N
SCH0503,Rasuwa,Rural,1.1,N,N,Y
SCH0504,Sindhupalchok,Urban,4.6,Y,Y,Y
SCH0505,Lalitpur,Rural,1.8,Y,N,Y
SCH0506,Dhading,Urban,3.5,Y,Y,
SCH0507,Sindhupalchok,Rural,1.9,Y,N,Y
SCH0508,Sindhupalchok,Rural,1.6,N,Y,N
SCH0509,Rasuwa,Rural,2.5,Y,N,N
SCH0510,Rasuwa,Rural,1.7,Y,N,N
SCH0511,Dhading,Rural,2.8,Y,Y,N
SCH0512,Nuwakot,Rural,2.4,Y,N,Y
SCH0513,Sindhupalchok,Rural,2.3,N,Y,N
SCH0514,Dhading,Rural,1.6,Y,N,Y
SCH0515,Rasuwa,Rural,1.9,Y,N,Y
SCH0516,Dhading,Rural,3.3,Y,N,N
SCH0517,Kathmandu,Rural,3.0,N,Y,N
SCH0518,Rasuwa,Rural,1.5,N,N,N
SCH0519,Nuwakot,Rural,2.6,Y,N,N
SCH0520,Lalitpur,Urban,4.8,Y,Y,Y
SCH0521,Dhading,Rural,1.0,N,Y,N
SCH0522,Dhading,Rural,3.0,Y,Y,N
SCH0523,Sindhupalchok,Rural,1.8,Y,N,Y
SCH0524,Bhaktapur,Rural,3.1,Y,N,N
SCH0525,Rasuwa,Rural,1.7,Y,N,Y
SCH0526,Bhaktapur,Urban,2.2,Y,N,N
SCH0527,Bhaktapur,Urban,2.4,Y,Y,Y
SCH0528,Lalitpur,Rural,2.5,Y,N,N
SCH0529,Dhading,Rural,2.8,Y,N,N
SCH0530,Nuwakot,Rural,1.6,N,N,N
SCH0531,Dhading,Rural,3.1,Y,N,N
SCH0532,Sindhupalchok,Rural,1.0,Y,Y,N
SCH0533,Nuwakot,Rural,2.4,Y,N,N
SCH0534,Sindhupalchok,Rural,1.3,Y,N,N
SCH0535,Lalitpur,Rural,1.8,Y,N,Y
SCH0536,Dhading,Rural,2.5,N,N,N
SCH0537,Nuwakot,Rural,1.6,N,N,Y
SCH0538,Sindhupalchok,Urban,3.6,Y,Y,Y
SCH0539,Dhading,Rural,3.5,N,N,Y
SCH0540,Kathmandu,Rural,1.9,Y,N,N
SCH0541,Kathmandu,Urban,4.8,Y,N,Y
SCH0542,Bhaktapur,Urban,2.9,Y,Y,
SCH0543,Sindhupalchok,Rural,3.0,Y,Y,Y
SCH0544,Bhaktapur,Rural,3.9,Y,N,Y
SCH0545,Nuwakot,Rural,1.0,N,N,N
SCH0546,Kathmandu,Rural,1.7,N,N,Y
SCH0547,Bhaktapur,Urban,4.6,Y,N,Y
SCH0548,Rasuwa,Rural,2.3,Y,N,
SCH0549,Lalitpur,Rural,2.9,Y,N,N
SCH0550,Rasuwa,Urban,3.4,Y,Y,N
SCH0551,Rasuwa,Urban,4.1,Y,N,Y
SCH0552,Kathmandu,Urban,3.8,Y,Y,N
SCH0553,Rasuwa,Rural,3.7,Y,Y,N
SCH0554,Lalitpur,Urban,4.3,Y,Y,Y
SCH0555,Bhaktapur,Rural,2.8,Y,N,N
SCH0556,Bhaktapur,Urban,3.6,Y,Y,Y
SCH0557,Sindhupalchok,Rural,2.0,Y,N,N
SCH0558,Kathmandu,Urban,3.6,Y,N,N
SCH0559,Rasuwa,Rural,2.9,N,N,Y
SCH0560,Bhaktapur,Rural,2.1,Y,N,Y
SCH0561,Dhading,Rural,2.8,N,N,N
SCH0562,Kathmandu,Urban,5.0,Y,Y,Y
SCH0563,Lalitpur,Rural,3.4,Y,Y,Y
SCH0564,Kathmandu,Urban,3.7,Y,Y,Y
SCH0565,Dhading,Rural,3.7,N,Y,Y
SCH0566,Bhaktapur,Rural,2.1,N,N,Y
SCH0567,Rasuwa,Rural,1.0,Y,Y,N
SCH0568,Dhading,Rural,1.5,Y,N,
SCH0569,Nuwakot,Rural,1.0,N,Y,
SCH0570,Sindhupalchok,Rural,2.1,N,N,N
SCH0571,Sindhupalchok,Rural,2.5,Y,Y,N
SCH0572,Nuwakot,Urban,5.0,Y,N,
SCH0573,Sindhupalchok,Rural,2.8,Y,N,N
SCH0574,Rasuwa,Rural,2.3,N,N,N
SCH0575,Lalitpur,Rural,3.3,Y,N,N
SCH0576,Nuwakot,Urban,1.8,Y,Y,Y
SCH0577,Dhading,Urban,4.2,Y,Y,Y
SCH0578,Sindhupalchok,Rural,3.3,N,Y,N
SCH0579,Kathmandu,Rural,1.0,Y,Y,N
SCH0580,Nuwakot,Rural,3.6,N,N,N
SCH0581,Dhading,Rural,2.8,Y,N,Y
SCH0582,Bhaktapur,Rural,2.1,N,N,Y
SCH0583,Bhaktapur,Rural,3.1,N,N,N
SCH0584,Kathmandu,Rural,4.8,Y,N,Y
SCH0585,Lalitpur,Rural,2.7,Y,N,N
SCH0586,Bhaktapur,Rural,2.7,N,Y,Y
SCH0587,Lalitpur,Urban,3.5,Y,N,
SCH0588,Sindhupalchok,Urban,3.2,Y,Y,N
SCH0589,Sindhupalchok,Rural,3.3,N,N,Y
SCH0590,Sindhupalchok,Rural,1.6,Y,Y,N
SCH0591,Rasuwa,Rural,2.6,Y,N,N
SCH0592,Nuwakot,Rural,2.0,Y,N,N
SCH0593,Rasuwa,Urban,4.5,Y,Y,Y
SCH0594,Sindhupalchok,Rural,2.8,Y,N,N
SCH0595,Lalitpur,Urban,5.0,Y,Y,N
SCH0596,Rasuwa,Rural,2.0,Y,Y,N
SCH0597,Bhaktapur,Rural,2.2,Y,N,N
SCH0598,Kathmandu,Rural,1.5,N,N,N
SCH0599,Kathmandu,Urban,3.6,Y,Y,Y
SCH0600,Kathmandu,Rural,2.9,Y,Y,
SCH0601,Bhaktapur,Urban,4.8,Y,Y,N
SCH0602,Sindhupalchok,Urban,3.1,Y,Y,N
SCH0603,Lalitpur,Rural,3.4,Y,Y,Y
SCH0604,Sindhupalchok,Rural,3.9,Y,N,N
SCH0605,Dhading,Urban,4.4,Y,Y,Y
SCH0606,Lalitpur,Rural,4.4,N,N,Y
SCH0607,Bhaktapur,Rural,1.7,N,N,N
SCH0608,Rasuwa,Urban,2.8,Y,Y,Y
SCH0609,Nuwakot,Rural,1.0,N,Y,N
SCH0610,Dhading,Rural,4.0,Y,Y,N
SCH0611,Sindhupalchok,Rural,3.2,N,N,N
SCH0612,Lalitpur,Rural,2.4,Y,N,N
SCH0613,Lalitpur,Rural,2.8,Y,N,
SCH0614,Bhaktapur,Urban,2.9,Y,Y,Y
SCH0615,Kathmandu,Rural,4.9,N,N,N
SCH0616,Nuwakot,Rural,2.6,N,N,Y
SCH0617,Lalitpur,Urban,4.1,Y,Y,Y
SCH0618,Sindhupalchok,Urban,4.7,Y,Y,Y
SCH0619,Rasuwa,Rural,3.0,Y,Y,N
SCH0620,Kathmandu,Rural,2.7,N,N,Y
SCH0621,Sindhupalchok,Rural,1.7,N,N,Y
SCH0622,Nuwakot,Rural,3.0,N,Y,Y
SCH0623,Rasuwa,Rural,4.4,Y,N,N
SCH0624,Bhaktapur,Rural,3.8,N,Y,N
SCH0625,Dhading,Urban,5.0,Y,Y,Y
SCH0626,Lalitpur,Rural,2.0,N,Y,N
SCH0627,Lalitpur,Rural,1.5,N,Y,
SCH0628,Dhading,Urban,3.9,Y,Y,Y
SCH0629,Dhading,Rural,2.6,N,N,N
SCH0630,Sindhupalchok,Rural,3.6,Y,N,N
SCH0631,Dhading,Rural,1.0,Y,N,N
SCH0632,Dhading,Rural,4.0,Y,N,Y
SCH0633,Sindhupalchok,Urban,3.8,Y,N,Y
SCH0634,Sindhupalchok,Rural,2.1,Y,Y,Y
SCH0635,Lalitpur,Rural,1.5,N,N,Y
SCH0636,Lalitpur,Rural,1.0,N,N,N
SCH0637,Sindhupalchok,Rural,3.3,Y,N,N
SCH0638,Bhaktapur,Urban,4.1,Y,Y,N
SCH0639,Nuwakot,Rural,1.2,N,N,N
SCH0640,Dhading,Rural,1.2,Y,Y,Y
SCH0641,Nuwakot,Rural,2.2,Y,Y,N
SCH0642,Lalitpur,Urban,5.0,Y,Y,N
SCH0643,Sindhupalchok,Rural,2.2,Y,N,N
SCH0644,Sindhupalchok,Rural,1.0,Y,N,Y
SCH0645,Rasuwa,Urban,3.8,Y,Y,Y
SCH0646,Lalitpur,Urban,3.7,Y,Y,Y
SCH0647,Dhading,Rural,1.0,Y,N,N
SCH0648,Nuwakot,Urban,3.9,Y,Y,Y
SCH0649,Bhaktapur,Urban,3.8,Y,Y,Y
SCH0650,Rasuwa,Urban,4.7,Y,N,N
SCH0651,Kathmandu,Rural,4.3,Y,N,N
SCH0652,Rasuwa,Rural,3.6,N,Y,N
SCH0653,Lalitpur,Rural,2.2,Y,N,N
SCH0654,Sindhupalchok,Urban,2.9,Y,N,Y
SCH0655,Bhaktapur,Rural,5.0,N,N,N
SCH0656,Rasuwa,Rural,2.6,Y,N,
SCH0657,Dhading,Rural,2.5,Y,N,Y
SCH0658,Dhading,Urban,4.0,Y,Y,Y
SCH0659,Dhading,Rural,2.7,N,Y,Y
SCH0660,Kathmandu,Rural,2.4,Y,N,N
SCH0661,Nuwakot,Urban,3.4,N,Y,N
SCH0662,Dhading,Urban,3.5,Y,Y,Y
SCH0663,Dhading,Rural,2.5,Y,Y,Y
SCH0664,Rasuwa,Rural,2.0,N,N,N
SCH0665,Bhaktapur,Rural,1.8,Y,N,N
SCH0666,Lalitpur,Rural,2.6,Y,Y,N
SCH0667,Rasuwa,Rural,2.2,Y,Y,Y
SCH0668,Bhaktapur,Urban,5.0,Y,Y,N
SCH0669,Dhading,Rural,1.0,N,Y,N
SCH0670,Lalitpur,Rural,3.6,Y,Y,Y
SCH0671,Dhading,Rural,3.7,Y,Y,
SCH0672,Sindhupalchok,Rural,1.0,Y,N,N
SCH0673,Dhading,Urban,3.7,Y,Y,N
SCH0674,Sindhupalchok,Rural,2.1,N,N,N
SCH0675,Nuwakot,Urban,2.6,Y,Y,N
SCH0676,Rasuwa,Rural,1.7,Y,N,N
SCH0677,Nuwakot,Rural,1.4,N,N,N
SCH0678,Lalitpur,Urban,5.0,Y,Y,Y
SCH0679,Rasuwa,Rural,3.4,N,N,N
SCH0680,Bhaktapur,Rural,3.8,N,N,Y
SCH0681,Nuwakot,Rural,3.2,Y,Y,N
SCH0682,Sindhupalchok,Rural,1.4,N,N,N
SCH0683,Kathmandu,Rural,2.0,Y,N,N
SCH0684,Kathmandu,Urban,4.5,Y,Y,Y
SCH0685,Nuwakot,Urban,2.8,Y,Y,Y
SCH0686,Nuwakot,Rural,3.2,Y,Y,Y
SCH0687,Nuwakot,Rural,2.3,Y,N,N
SCH0688,Rasuwa,Rural,2.1,N,N,N
SCH0689,Kathmandu,Rural,3.2,N,N,N
SCH0690,Sindhupalchok,Rural,2.9,Y,N,Y
SCH0691,Rasuwa,Rural,2.1,N,Y,N
SCH0692,Rasuwa,Rural,3.7,Y,N,N
SCH0693,Dhading,Urban,2.9,Y,N,Y
SCH0694,Lalitpur,Rural,3.1,N,N,N
SCH0695,Nuwakot,Urban,4.6,Y,Y,N
SCH0696,Sindhupalchok,Rural,2.2,Y,Y,Y
SCH0697,Lalitpur,Rural,2.8,N,N,N
SCH0698,Kathmandu,Rural,1.2,Y,N,N
SCH0699,Sindhupalchok,Rural,3.4,Y,N,N
SCH0700,Bhaktapur,Urban,3.8,Y,Y,Y
SCH0701,Lalitpur,Urban,3.5,Y,Y,Y
SCH0702,Lalitpur,Rural,3.5,Y,N,Y
SCH0703,Sindhupalchok,Urban,3.3,Y,Y,Y
SCH0704,Lalitpur,Rural,1.1,Y,Y,N
SCH0705,Bhaktapur,Urban,2.4,Y,Y,
SCH0706,Sindhupalchok,Rural,3.1,Y,N,N
SCH0707,Sindhupalchok,Rural,1.2,Y,Y,N
SCH0708,Sindhupalchok,Urban,5.0,Y,Y,Y
SCH0709,Rasuwa,Rural,1.0,Y,N,N
SCH0710,Sindhupalchok,Rural,4.2,N,N,
SCH0711,Lalitpur,Rural,2.7,N,N,N
SCH0712,Sindhupalchok,Urban,3.9,Y,Y,Y
SCH0713,Kathmandu,Rural,2.0,N,Y,N
SCH0714,Dhading,Urban,4.4,Y,N,N
SCH0715,Bhaktapur,Urban,4.0,Y,Y,N
SCH0716,Rasuwa,Rural,3.6,Y,Y,N
SCH0717,Nuwakot,Rural,2.6,Y,Y,Y
SCH0718,Sindhupalchok,Rural,2.7,N,N,N
SCH0719,Rasuwa,Rural,2.1,Y,N,Y
SCH0720,Sindhupalchok,Urban,3.9,Y,Y,Y
SCH0721,Kathmandu,Rural,2.8,N,N,N
SCH0722,Kathmandu,Rural,1.0,Y,Y,N
SCH0723,Nuwakot,Rural,1.2,Y,N,Y
SCH0724,Lalitpur,Rural,3.2,N,N,N
SCH0725,Lalitpur,Rural,2.7,N,N,N
SCH0726,Rasuwa,Urban,3.8,Y,Y,Y
SCH0727,Lalitpur,Urban,4.0,Y,Y,Y
SCH0728,Sindhupalchok,Urban,4.3,Y,Y,Y
SCH0729,Dhading,Urban,3.5,Y,Y,Y
SCH0730,Bhaktapur,Urban,3.2,Y,Y,Y
SCH0731,Kathmandu,Rural,2.7,N,Y,N
SCH0732,Bhaktapur,Rural,1.5,Y,N,Y
SCH0733,Kathmandu,Urban,4.4,Y,Y,N
SCH0734,Nuwakot,Rural,1.0,Y,N,Y
SCH0735,Dhading,Rural,3.5,Y,N,N
SCH0736,Dhading,Rural,3.0,Y,N,
SCH0737,Kathmandu,Rural,2.8,Y,N,N
SCH0738,Kathmandu,Rural,3.5,N,N,N
SCH0739,Nuwakot,Urban,5.0,Y,Y,Y
SCH0740,Rasuwa,Rural,3.5,Y,Y,Y
SCH0741,Rasuwa,Rural,1.0,N,N,Y
SCH0742,Rasuwa,Rural,1.2,Y,N,N
SCH0743,Dhading,Urban,3.4,Y,Y,Y
SCH0744,Kathmandu,Urban,4.0,Y,Y,N
SCH0745,Sindhupalchok,Rural,3.0,Y,N,Y
SCH0746,Kathmandu,Rural,1.8,N,N,N
SCH0747,Lalitpur,Rural,2.7,N,N,N
SCH0748,Rasuwa,Rural,1.7,N,N,Y
SCH0749,Rasuwa,Rural,1.9,Y,Y,N
SCH0750,Bhaktapur,Rural,1.1,Y,N,N
SCH0751,Sindhupalchok,Rural,1.6,N,N,N
SCH0752,Kathmandu,Urban,2.6,Y,Y,Y
SCH0753,Rasuwa,Rural,1.5,Y,N,N
SCH0754,Rasuwa,Rural,3.6,N,Y,N
SCH0755,Dhading,Rural,1.6,Y,N,N
SCH0756,Rasuwa,Urban,5.0,Y,Y,
SCH0757,Sindhupalchok,Rural,3.0,Y,N,N
SCH0758,Rasuwa,Rural,2.7,N,N,N
SCH0759,Sindhupalchok,Rural,1.6,N,N,Y
SCH0760,Dhading,Rural,3.2,Y,Y,Y
SCH0761,Bhaktapur,Rural,1.9,N,N,N
SCH0762,Rasuwa,Rural,2.6,N,N,Y
SCH0763,Nuwakot,Rural,5.0,N,N,N
SCH0764,Dhading,Rural,2.4,N,N,N
SCH0765,Nuwakot,Urban,5.0,Y,Y,N
SCH0766,Nuwakot,Urban,3.3,Y,N,Y
SCH0767,Dhading,Rural,2.5,Y,Y,N
SCH0768,Nuwakot,Rural,4.3,Y,Y,N
SCH0769,Sindhupalchok,Rural,1.9,Y,N,Y
SCH0770,Dhading,Urban,5.0,Y,Y,Y
SCH0771,Nuwakot,Rural,3.2,Y,N,N
SCH0772,Bhaktapur,Urban,3.4,Y,Y,Y
SCH0773,Bhaktapur,Rural,3.1,Y,Y,N
SCH0774,Nuwakot,Urban,5.0,Y,Y,Y
SCH0775,Dhading,Rural,3.1,N,Y,Y
SCH0776,Sindhupalchok,Rural,1.0,N,N,Y
SCH0777,Kathmandu,Rural,1.8,Y,Y,N
SCH0778,Rasuwa,Rural,2.3,Y,Y,Y
SCH0779,Sindhupalchok,Rural,2.4,Y,N,N
SCH0780,Kathmandu,Urban,4.6,Y,Y,Y
SCH0781,Kathmandu,Urban,4.2,Y,Y,N
SCH0782,Lalitpur,Urban,2.7,Y,Y,Y
SCH0783,Dhading,Urban,4.4,Y,Y,N
SCH0784,Lalitpur,Rural,3.1,Y,N,Y
SCH0785,Rasuwa,Rural,3.1,N,N,Y
SCH0786,Nuwakot,Urban,5.0,Y,Y,N
SCH0787,Bhaktapur,Rural,3.3,Y,N,N
SCH0788,Rasuwa,Rural,3.0,N,N,Y
SCH0789,Rasuwa,Urban,3.9,Y,Y,Y
SCH0790,Bhaktapur,Rural,1.0,N,Y,N
SCH0791,Lalitpur,Rural,2.9,N,N,Y
SCH0792,Bhaktapur,Rural,2.7,Y,N,N
SCH0793,Rasuwa,Urban,4.3,Y,Y,
SCH0794,Sindhupalchok,Rural,1.2,Y,N,Y
SCH0795,Kathmandu,Rural,1.4,N,Y,Y
SCH0796,Bhaktapur,Rural,3.6,Y,N,Y
SCH0797,Nuwakot,Rural,2.5,N,Y,N
SCH0798,Rasuwa,Rural,3.2,Y,N,Y
SCH0799,Nuwakot,Urban,4.0,Y,Y,Y
SCH0800,Dhading,Rural,2.5,N,N,Y
SCH0801,Nuwakot,Rural,3.4,N,Y,N
SCH0802,Sindhupalchok,Urban,3.5,Y,N,N
SCH0803,Rasuwa,Rural,2.6,Y,N,Y
SCH0804,Rasuwa,Urban,3.5,Y,Y,Y
SCH0805,Lalitpur,Urban,3.6,Y,Y,Y
SCH0806,Bhaktapur,Rural,2.2,Y,N,Y
SCH0807,Bhaktapur,Rural,2.7,N,Y,N
SCH0808,Nuwakot,Rural,2.0,N,N,N
SCH0809,Dhading,Urban,5.0,Y,Y,N
SCH0810,Nuwakot,Rural,1.6,Y,Y,N
SCH0811,Dhading,Rural,2.3,Y,N,N
SCH0812,Rasuwa,Rural,2.1,Y,Y,N
SCH0813,Nuwakot,Rural,3.9,Y,N,N
SCH0814,Kathmandu,Rural,2.7,Y,N,
SCH0815,Nuwakot,Rural,3.5,Y,N,Y
SCH0816,Sindhupalchok,Urban,2.5,Y,Y,Y
SCH0817,Nuwakot,Urban,4.3,Y,N,Y
SCH0818,Kathmandu,Rural,3.4,N,N,Y
SCH0819,Kathmandu,Rural,2.6,N,N,Y
SCH0820,Kathmandu,Rural,3.6,N,Y,N
SCH0821,Sindhupalchok,Rural,2.0,Y,N,N
SCH0822,Sindhupalchok,Rural,3.9,N,Y,
SCH0823,Kathmandu,Rural,4.8,Y,Y,Y
SCH0824,Sindhupalchok,Rural,2.1,Y,N,N
SCH0825,Dhading,Rural,2.1,N,N,Y
SCH0826,Rasuwa,Rural,4.0,Y,N,Y
SCH0827,Rasuwa,Rural,4.1,N,Y,N
SCH0828,Kathmandu,Rural,2.0,N,N,Y
SCH0829,Dhading,Rural,2.1,N,Y,Y
SCH0830,Lalitpur,Rural,2.2,Y,N,N
SCH0831,Rasuwa,Rural,1.2,N,N,N
SCH0832,Rasuwa,Rural,1.6,N,Y,N
SCH0833,Lalitpur,Rural,1.5,Y,N,N
SCH0834,Kathmandu,Rural,1.7,N,N,Y
SCH0835,Dhading,Urban,4.0,Y,Y,Y
SCH0836,Nuwakot,Urban,4.2,Y,Y,N
SCH0837,Sindhupalchok,Rural,4.1,N,N,N
SCH0838,Rasuwa,Rural,1.5,Y,Y,Y
SCH0839,Rasuwa,Rural,3.5,N,N,N
SCH0840,Lalitpur,Rural,2.3,N,N,Y
SCH0841,Dhading,Rural,2.5,N,N,
SCH0842,Nuwakot,Rural,3.2,Y,N,Y
SCH0843,Lalitpur,Urban,2.9,Y,Y,Y
SCH0844,Bhaktapur,Rural,2.9,N,N,N
SCH0845,Bhaktapur,Urban,4.2,Y,Y,Y
SCH0846,Kathmandu,Urban,4.5,Y,Y,Y
SCH0847,Bhaktapur,Urban,4.3,Y,Y,N
SCH0848,Sindhupalchok,Rural,5.0,Y,N,N
SCH0849,Nuwakot,Rural,1.9,Y,Y,N
SCH0850,Nuwakot,Rural,2.0,N,N,Y
SCH0851,Sindhupalchok,Rural,1.9,N,Y,N
SCH0852,Kathmandu,Rural,1.9,Y,N,N
SCH0853,Sindhupalchok,Urban,3.4,Y,Y,Y
SCH0854,Lalitpur,Rural,3.7,N,N,N
SCH0855,Rasuwa,Urban,5.0,N,Y,N
SCH0856,Lalitpur,Rural,1.9,Y,Y,Y
SCH0857,Sindhupalchok,Rural,1.7,Y,N,Y
SCH0858,Rasuwa,Rural,3.0,N,N,N
SCH0859,Sindhupalchok,Urban,3.4,Y,Y,Y
SCH0860,Dhading,Rural,3.1,N,N,N
SCH0861,Dhading,Urban,4.2,Y,Y,N
SCH0862,Bhaktapur,Rural,1.0,Y,N,N
SCH0863,Lalitpur,Rural,4.0,Y,N,Y
SCH0864,Lalitpur,Rural,4.3,Y,N,Y
SCH0865,Lalitpur,Rural,1.9,Y,Y,N
SCH0866,Dhading,Rural,2.1,Y,N,Y
SCH0867,Kathmandu,Rural,2.8,Y,Y,N
SCH0868,Nuwakot,Rural,2.8,Y,N,N
SCH0869,Dhading,Rural,3.2,Y,Y,N
SCH0870,Rasuwa,Urban,5.0,N,Y,Y
SCH0871,Dhading,Urban,3.8,Y,N,Y
SCH0872,Sindhupalchok,Rural,1.7,N,N,N
SCH0873,Lalitpur,Urban,2.6,Y,Y,Y
SCH0874,Lalitpur,Rural,1.8,Y,Y,N
SCH0875,Nuwakot,Rural,2.5,N,N,Y
SCH0876,Nuwakot,Rural,4.3,N,N,
SCH0877,Kathmandu,Rural,2.0,Y,N,N
SCH0878,Sindhupalchok,Rural,2.7,Y,N,
SCH0879,Rasuwa,Rural,2.5,Y,N,N
SCH0880,Dhading,Rural,3.7,N,N,N
SCH0881,Nuwakot,Rural,5.0,Y,N,Y
SCH0882,Sindhupalchok,Rural,2.0,Y,N,Y
SCH0883,Kathmandu,Urban,3.5,Y,Y,Y
SCH0884,Kathmandu,Rural,3.5,Y,N,N
SCH0885,Kathmandu,Rural,3.2,N,Y,
SCH0886,Dhading,Rural,4.3,N,N,Y
SCH0887,Lalitpur,Rural,3.1,N,N,Y
SCH0888,Nuwakot,Rural,2.1,N,N,N
SCH0889,Dhading,Urban,4.6,Y,Y,N
SCH0890,Dhading,Urban,5.0,N,Y,Y
SCH0891,Sindhupalchok,Rural,3.3,Y,N,
SCH0892,Lalitpur,Rural,3.0,N,N,N
SCH0893,Dhading,Urban,5.0,Y,Y,Y
SCH0894,Kathmandu,Rural,3.7,N,N,N
SCH0895,Rasuwa,Rural,3.9,N,N,N
SCH0896,Sindhupalchok,Rural,3.1,Y,Y,N
SCH0897,Sindhupalchok,Rural,2.3,Y,N,N
SCH0898,Rasuwa,Rural,2.6,Y,Y,Y
SCH0899,Kathmandu,Urban,5.0,Y,Y,Y
SCH0900,Rasuwa,Rural,1.7,Y,N,N
SCH0901,Kathmandu,Urban,4.4,Y,Y,Y
SCH0902,Nuwakot,Rural,2.1,N,Y,N
SCH0903,Lalitpur,Rural,2.5,Y,Y,Y
SCH0904,Nuwakot,Rural,3.8,Y,Y,N
SCH0905,Sindhupalchok,Rural,2.7,Y,N,N
SCH0906,Bhaktapur,Rural,2.5,N,N,N
SCH0907,Sindhupalchok,Rural,1.1,N,N,N
SCH0908,Sindhupalchok,Rural,3.2,Y,Y,N
SCH0909,Lalitpur,Rural,3.1,Y,N,N
SCH0910,Nuwakot,Rural,4.7,N,Y,Y
SCH0911,Dhading,Rural,2.2,N,Y,N
SCH0912,Dhading,Rural,2.7,Y,N,Y
SCH0913,Rasuwa,Rural,2.7,N,N,Y
SCH0914,Rasuwa,Rural,4.1,Y,Y,N
SCH0915,Sindhupalchok,Rural,2.4,Y,Y,N
SCH0916,Rasuwa,Urban,4.3,Y,Y,N
SCH0917,Kathmandu,Urban,4.6,Y,Y,N
SCH0918,Nuwakot,Urban,4.2,Y,N,N
SCH0919,Bhaktapur,Rural,2.1,N,Y,N
SCH0920,Dhading,Rural,2.7,Y,N,Y
SCH0921,Rasuwa,Urban,5.0,Y,Y,Y
SCH0922,Bhaktapur,Rural,1.5,Y,Y,N
SCH0923,Bhaktapur,Rural,2.6,N,Y,Y
SCH0924,Bhaktapur,Rural,1.8,N,N,N
SCH0925,Lalitpur,Rural,3.7,N,N,N
SCH0926,Dhading,Rural,1.0,Y,N,Y
SCH0927,Kathmandu,Urban,3.4,Y,Y,N
SCH0928,Lalitpur,Rural,2.9,N,Y,N
SCH0929,Lalitpur,Rural,4.1,Y,N,N
SCH0930,Nuwakot,Urban,3.9,Y,Y,Y
SCH0931,Nuwakot,Rural,1.9,Y,Y,Y
SCH0932,Bhaktapur,Rural,4.4,N,N,Y
SCH0933,Bhaktapur,Rural,1.1,Y,N,Y
SCH0934,Dhading,Rural,1.0,N,N,Y
SCH0935,Nuwakot,Rural,2.9,Y,N,Y
SCH0936,Bhaktapur,Rural,2.0,Y,N,N
SCH0937,Dhading,Rural,1.5,Y,N,
SCH0938,Rasuwa,Urban,4.7,Y,Y,Y
SCH0939,Sindhupalchok,Urban,4.2,Y,Y,Y
SCH0940,Rasuwa,Rural,1.9,Y,N,Y
SCH0941,Dhading,Urban,2.7,N,Y,Y
SCH0942,Dhading,Rural,3.4,Y,Y,N
SCH0943,Rasuwa,Rural,3.2,N,N,
SCH0944,Dhading,Rural,2.4,Y,N,N
SCH0945,Kathmandu,Urban,5.0,Y,N,Y
SCH0946,Nuwakot,Rural,1.4,N,N,
SCH0947,Lalitpur,Urban,2.5,Y,Y,Y
SCH0948,Lalitpur,Rural,1.8,N,N,Y
SCH0949,Dhading,Rural,2.5,N,N,N
SCH0950,Lalitpur,Urban,4.2,Y,Y,Y
SCH0951,Rasuwa,Urban,3.8,Y,Y,Y
SCH0952,Nuwakot,Rural,2.9,Y,N,N
SCH0953,Dhading,Rural,1.2,Y,Y,Y
SCH0954,Nuwakot,Urban,5.0,Y,Y,Y
SCH0955,Kathmandu,Rural,2.4,Y,N,Y
SCH0956,Sindhupalchok,Rural,3.6,Y,Y,Y
SCH0957,Bhaktapur,Rural,2.8,N,N,Y
SCH0958,Rasuwa,Urban,4.5,Y,Y,Y
SCH0959,Dhading,Rural,3.1,Y,N,N
SCH0960,Rasuwa,Rural,2.9,Y,N,N
SCH0961,Dhading,Rural,3.1,Y,Y,Y
SCH0962,Dhading,Rural,3.8,Y,N,Y
SCH0963,Kathmandu,Rural,2.7,N,Y,N
SCH0964,Bhaktapur,Rural,3.2,N,N,Y
SCH0965,Lalitpur,Rural,2.4,Y,N,N
SCH0966,Dhading,Urban,5.0,Y,Y,Y
SCH0967,Sindhupalchok,Urban,3.3,Y,Y,Y
SCH0968,Nuwakot,Rural,4.3,Y,N,N
SCH0969,Sindhupalchok,Rural,2.5,N,N,Y
SCH0970,Dhading,Rural,1.1,N,Y,N
SCH0971,Kathmandu,Rural,2.6,N,N,N
SCH0972,Bhaktapur,Urban,3.3,Y,Y,N
SCH0973,Nuwakot,Rural,3.3,Y,N,
SCH0974,Kathmandu,Urban,3.3,Y,Y,Y
SCH0975,Bhaktapur,Rural,2.1,N,N,Y
SCH0976,Lalitpur,Rural,1.0,Y,N,N
SCH0977,Nuwakot,Rural,2.0,N,Y,N
SCH0978,Rasuwa,Rural,1.0,N,N,N
SCH0979,Kathmandu,Rural,1.0,Y,N,Y
SCH0980,Dhading,Rural,3.3,N,N,N
SCH0981,Sindhupalchok,Urban,4.8,Y,Y,Y
SCH0982,Rasuwa,Rural,2.9,N,N,N
SCH0983,Bhaktapur,Rural,1.5,Y,N,N
SCH0984,Bhaktapur,Urban,4.0,Y,N,N
SCH0985,Nuwakot,Rural,2.5,Y,N,N
SCH0986,Nuwakot,Rural,1.3,Y,N,Y
SCH0987,Lalitpur,Urban,5.0,Y,Y,Y
SCH0988,Bhaktapur,Urban,4.9,Y,Y,Y
SCH0989,Nuwakot,Rural,2.3,N,Y,Y
SCH0990,Dhading,Rural,2.5,Y,N,Y
SCH0991,Sindhupalchok,Urban,4.2,Y,Y,Y
SCH0992,Lalitpur,Rural,1.0,Y,N,N
SCH0993,Nuwakot,Rural,2.3,Y,Y,Y
SCH0994,Rasuwa,Rural,1.8,N,Y,N
SCH0995,Sindhupalchok,Rural,1.5,N,Y,N
SCH0996,Dhading,Urban,3.7,Y,Y,Y
SCH0997,Nuwakot,Rural,4.3,Y,N,N
SCH0998,Nuwakot,Rural,3.1,N,N,Y
SCH0999,Nuwakot,Rural,1.9,Y,N,N
SCH1000,Nuwakot,Rural,3.1,Y,N,Y
